,category,Blood,Credit-G,Diabetes,QSAR-Fish,Airfoil,Concrete,Insurance
metric,,roc_auc,roc_auc,roc_auc,rmse,rmse,rmse,rmse
CAT,ML,0.7078070175438597,0.7913675213675214,0.8392235609103079,0.9108357993477078,1.194328921266466,4.349307405056239,4099.415070640934
EBM,ML,0.711140350877193,0.7850854700854701,0.8519410977242302,0.933905919615701,1.8230914958942663,4.378025654572182,4058.6072991706296
KNN,ML,0.7039473684210527,0.7679059829059829,0.8226907630522088,0.9347266281684382,2.226101772909643,6.060376754495909,4601.137288169586
LR,ML,0.7539473684210526,0.7653418803418803,0.8263721552878179,0.9768729285149236,4.73505463317741,7.9030084866624035,5578.938995200396
REALMLP_GPU,DL,0.7298245614035088,0.7925213675213675,0.8459170013386881,0.9014784160630552,1.0118973418753692,4.141370860233445,4071.1783567245207
REALTABPFN-V2.5,Foundation,0.7303508771929824,0.7811538461538462,0.8431726907630522,0.8866661964472332,0.870428852383852,3.7665874877665413,4030.724697336574
LLMSlot260424-next_token_pred,,0.7201754385964912,0.7744444444444445,0.8319946452476573,0.941669041955747,1.045866018896957,4.624815507694357,4036.6501255204616
FTTransformer,DL,0.7159649122807018,0.7785897435897436,0.8275100401606426,1.0236326869317924,3.1313168599635257,6.2630538483766305,4328.37942255068
