dataset,tid,metric,metric_error,metric_error_val,batch_size,lora_alpha,lora_dropout,lora_lr,lora_rank,max_length,weight_decay,model_name,num_epochs,eval_batch_size,patience
anneal,363614,log_loss,0.05233641681937137,0.02516390555949676,64,32,0.16885314971620347,0.0005198657849887131,32,128,1.8662266976517965e-05,,,,
blood-transfusion-service-center,363621,roc_auc,0.2793859649122806,0.2656779661016949,128,64,0.09123006644330972,0.0001370464839284902,4,256,7.126995609048586e-05,,,,
diabetes,363629,roc_auc,0.20669344042838023,0.20995088474735923,64,32,0.16885314971620347,0.0005198657849887131,32,512,7.424908231815009e-05,,,,
